#単語,形態素解析結果の単語,読み,品詞
#ポケモンの名前は品詞を「pokemon」と定義する。品詞が複数の場合は「複合名詞」と定義する。それ以外は一般の定義に従う。,,,
#俗称,,,
青い悪魔,青い悪魔,マリルリ,pokemon
アルセ,アルセ,アルセウス,pokemon
アロー,アロー,ファイアロー,pokemon
岩団子,岩団子,ゴローニャ,pokemon
エラ神,エラ神,ウオノラゴン,pokemon
エレキ,エレキ,レジエレキ,pokemon
男梅,男梅,アローライシツブテ,複合名詞
おまる,おまる,ポリゴン2,pokemon
おんみょーん,おんみょーん,ミカルゲ,pokemon
ガッサ,ガッサ,キノガッサ,pokemon
カットム,カットム,ロトム（カットロトム）,複合名詞
蟹,蟹,メタグロス,pokemon
カバ,カバ,カバルドン,pokemon
カビ,カビ,カビゴン,pokemon
ガブ,ガブ,ガブリアス,pokemon
神,神,マッスグマ,pokemon
ガモス,ガモス,ウルガモス,pokemon
ガルド,ガルド,ギルガルド,pokemon
黄色い悪魔,黄色い悪魔,ピカチュウ,pokemon
ギエピー,ギエピー,ピッピ,pokemon
キッス,キッス,トゲキッス,pokemon
ギブル,ギブル,エレキブル,pokemon
糞兎,糞兎,エースバーン,pokemon
糞鍵,糞鍵,クレッフィ,pokemon
グドラ,グドラ,キングドラ,pokemon
グライ,グライ,グライオン,pokemon
クレセ,クレセ,クレセリア,pokemon
グロス,グロス,メタグロス,pokemon
欠勤,欠勤,ケッキング,pokemon
ゲコ,ゲコ,ゲッコウガ,pokemon
ケボルト,ケボルト,けしんフォルムのボルトロス,複合名詞
攻撃ポッポ,攻撃ポッポ,イワーク,pokemon
ゴキブロス,ゴキブロス,ヒードラン,pokemon
コケコ,コケコ,カプ・コケコ,pokemon
ゴリラ,ゴリラ,ゴリランダー,pokemon
サザン,サザン,サザンドラ,pokemon
死ニーゴ,死ニーゴ,ガラルサニーゴ,複合名詞
軍鶏,軍鶏,バシャーモ,pokemon
白い悪魔,白い悪魔,トゲキッス,pokemon
白ゴキ,白ゴキ,フェローチェ,pokemon
ストム,ストム,ロトム（スピンロトム）,複合名詞
先生,先生,ドサイドン,pokemon
洗濯機,洗濯機,ロトム（ウォッシュロトム）,複合名詞
ダサイドン,ダサイドン,ドサイドン,pokemon
ツヨシ,ツヨシ,ヨワシ(むれたすがた),複合名詞
ツルギ,ツルギ,カミツルギ,pokemon
でかいサンド,でかいサンド,グラードン,pokemon
鉄火,鉄火,テッカニン,pokemon
電気ネズミ,電気ネズミ,ピカチュウ,pokemon
デデカス,デデカス,デデンネ,pokemon
テテフ,テテフ,カプ・テテフ,pokemon
デマル,デマル,トゲデマル,pokemon
トゥートゥー,トゥートゥー,ネイティオ,pokemon
銅鐸,銅鐸,ドータクン,pokemon
特攻オバケ,特攻オバケ,シャンデラ,pokemon
土台,土台,ドダイトス,pokemon
トノ,トノ,ニョロトノ,pokemon
ドヒド,ドヒド,ドヒドイデ,pokemon
ドラパ,ドラパ,ドラパルト,pokemon
ドラン,ドラン,ヒードラン,pokemon
トルネ,トルネ,トルネロス,pokemon
納豆,納豆,ナットレイ,pokemon
波平ペンギン,波平ペンギン,コオリッポ,pokemon
バシャ,バシャ,バシャーモ,pokemon
ハピ,ハピ,ハピナス,pokemon
ヒトム,ヒトム,ロトム（ヒートロトム）,pokemon
ピンクデブ,ピンクデブ,ハピナス,pokemon
武神,武神,ローブシン,pokemon
フライゴミ,フライゴミ,フライゴン,pokemon
ふりゃー,ふりゃー,フライゴン,pokemon
ブルル,ブルル,カプ・ブルル,pokemon
ぷわわ,ぷわわ,フワンテ,pokemon
ヘラコロス,ヘラコロス,メガカイロス,pokemon
保険金詐欺,保険金詐欺,バンギラス,pokemon
ポリ乙,ポリ乙,ポリゴンZ,pokemon
ポリ2,ポリ2,ポリゴン2,pokemon
ボルト,ボルト,ボルトロス,pokemon
ぽわぐちょ,ぽわぐちょ,トリトドン,pokemon
舛添,舛添,オニゴーリ,pokemon
マンダ,マンダ,ボーマンダ,pokemon
ミトム,ミトム,ロトム（ウォッシュロトム）,複合名詞
緑の悪魔,緑の悪魔,エルフーン,pokemon
ミミカス,ミミカス,ミミッキュ,pokemon
ミロ,ミロ,ミロカロス,pokemon
ミワセウス,ミワセウス,アルセウス,pokemon
ムドー,ムドー,エアームド,pokemon
メガチ,メガチ,メガチャーレム,pokemon
野菜丼,野菜丼,ドサイドン,pokemon
山賀,山賀,アーマーガア,pokemon
山毛,山毛,ガマゲロゲ,pokemon
山田,山田,ボーマンダ,pokemon
唯一神,唯一神,エンテイ,pokemon
ラグ,ラグ,ラグラージ,pokemon
リザX,リザX,リザードンX,pokemon
リザY,リザY,メガリザードンY,pokemon
レー島の守り神,レー島の守り神,ガブリアス,pokemon
レジワロス,レジワロス,レジギガス,pokemon
レタス,レタス,リーフィア,pokemon
レヒレ,レヒレ,カプ・レヒレ,pokemon
レボルト,レボルト,れいじゅうフォルムのボルトロス,複合名詞
ロップ,ロップ,ミミロップ,pokemon
ロリーパー,ロリーパー,スリーパー,pokemon
ロン毛,ロン毛,オーロンゲ,pokemon
#俗称（グループを表す）,,,
IFK,IFK,IFK,group
UMA,UMA,UMA,group
陰キャ,陰キャ,陰キャ,group
カセキメラ,カセキメラ,カセキメラ,group
ガブマンダ,ガブマンダ,ガブマンダ,group
ガラル三鳥,ガラル三鳥,ガラル三鳥,group
クレセドラン,クレセドラン,クレセドラン,group
ゲンガナンス,ゲンガナンス,ゲンガナンス,group
コピペロス,コピペロス,コピペロス,group
催眠四天王,催眠四天王,催眠四天王,group
サザンガルド,サザンガルド,サザンガルド,group
三猿,三猿,三猿,group
三鳥,三鳥,三鳥,group
聖剣士,聖剣士,聖剣士,group
序盤鳥,序盤鳥,序盤鳥,group
ズキュントス,ズキュントス,ズキュントス,group
ツボラキ,ツボラキ,ツボラキ,group
ツンデマル,ツンデマル,ツンデマル,group
ディアパル,ディアパル,ディアパル,group
電気袋組,電気袋組,電気袋組,group
トノグドラ,トノグドラ,トノグドラ,group
バシャサンダーナット,バシャサンダーナット,バシャサンダーナット,group
ピカチュウ枠,ピカチュウ枠,ピカチュウ枠,group
膝芸人,膝芸人,膝芸人,group
ピンクの悪魔,ピンクの悪魔,ピンクの悪魔,group
ブイズ,ブイズ,ブイズ,group
ヘラガッサ,ヘラガッサ,ヘラガッサ,group
湖三体,湖三体,湖三体,group
メガラティ兄弟,メガラティ兄弟,メガラティ兄弟,group
ラティ,ラティ,ラティ,group
#備考,,,
10%フォルム,10%フォルム,10%フォルム,名詞
３びきかぞく,３びきかぞく,３びきかぞく,名詞
４ひきかぞく,４ひきかぞく,４ひきかぞく,名詞
50%フォルム,50%フォルム,50%フォルム,名詞
アイスフェイス,アイスフェイス,アイスフェイス,名詞
あおすじ,あおすじ,あおすじ,名詞
あかすじ,あかすじ,あかすじ,名詞
あかつきのつばさ,あかつきのつばさ,あかつきのつばさ,名詞
アタックフォルム,アタックフォルム,アタックフォルム,名詞
アナザーフォルム,アナザーフォルム,アナザーフォルム,名詞
あまみずのすがた,あまみずのすがた,あまみずのすがた,名詞
イエローフェザー,イエローフェザー,イエローフェザー,名詞
いちげきのかた,いちげきのかた,いちげきのかた,名詞
いつものすがた,いつものすがた,いつものすがた,名詞
いましめられしフーパ,いましめられしフーパ,いましめられしフーパ,名詞
ウォーターしゅ,ウォーターしゅ,ウォーターしゅ,名詞
ウォッシュロトム,ウォッシュロトム,ウォッシュロトム,名詞
ウルトラネクロズマ,ウルトラネクロズマ,ウルトラネクロズマ,名詞
おおきいサイズ,おおきいサイズ,おおきいサイズ,名詞
オスのすがた,オスのすがた,オスのすがた,名詞
オリジンフォルム,オリジンフォルム,オリジンフォルム,名詞
かくごのすがた,かくごのすがた,かくごのすがた,名詞
カットロトム,カットロトム,カットロトム,名詞
がんさくフォルム,がんさくフォルム,がんさくフォルム,名詞
くさき,くさき,くさき,名詞
くさきのミノ,くさきのミノ,くさきのミノ,名詞
グリーンフェザー,グリーンフェザー,グリーンフェザー,名詞
けしんフォルム,けしんフォルム,けしんフォルム,名詞
けんのおう,けんのおう,けんのおう,名詞
コア,コア,コア,名詞
こくばじょうのすがた,こくばじょうのすがた,こくばじょうのすがた,名詞
ゴミ,ゴミ,ゴミ,名詞
ゴミのミノ,ゴミのミノ,ゴミのミノ,名詞
コンバットしゅ,コンバットしゅ,コンバットしゅ,名詞
サトシゲッコウガ,サトシゲッコウガ,サトシゲッコウガ,名詞
シールドフォルム,シールドフォルム,シールドフォルム,名詞
しろすじ,しろすじ,しろすじ,名詞
しんさくフォルム,しんさくフォルム,しんさくフォルム,名詞
スカイフォルム,スカイフォルム,スカイフォルム,名詞
ステップフォルム,ステップフォルム,ステップフォルム,名詞
すなち,すなち,すなち,名詞
すなちのミノ,すなちのミノ,すなちのミノ,名詞
スピードフォルム,スピードフォルム,スピードフォルム,名詞
スピンロトム,スピンロトム,スピンロトム,名詞
そった,そった,そった,名詞
たいようのすがた,たいようのすがた,たいようのすがた,名詞
たそがれのすがた,たそがれのすがた,たそがれのすがた,名詞
たそがれのたてがみ,たそがれのたてがみ,たそがれのたてがみ,名詞
たてのおう,たてのおう,たてのおう,名詞
ダルマモード,ダルマモード,ダルマモード,名詞
たれた,たれた,たれた,名詞
たんどくのすがた,たんどくのすがた,たんどくのすがた,名詞
ちいさいサイズ,ちいさいサイズ,ちいさいサイズ,名詞
ディフェンスフォルム,ディフェンスフォルム,ディフェンスフォルム,名詞
ときはなたれしフーパ,ときはなたれしフーパ,ときはなたれしフーパ,名詞
とくだいサイズ,とくだいサイズ,とくだいサイズ,名詞
とほ,とほ,とほ,名詞
ナイーブ,ナイーブ,ナイーブ,名詞
ナイスフェイス,ナイスフェイス,ナイスフェイス,名詞
ノーマルフォルム,ノーマルフォルム,ノーマルフォルム,名詞
のびた,のびた,のびた,名詞
パーフェクトフォルム,パーフェクトフォルム,パーフェクトフォルム,名詞
ハイなすがた,ハイなすがた,ハイなすがた,名詞
はくばじょうのすがた,はくばじょうのすがた,はくばじょうのすがた,名詞
はこ,はこ,はこ,名詞
ぱちぱちスタイル,ぱちぱちスタイル,ぱちぱちスタイル,名詞
はらぺこもよう,はらぺこもよう,はらぺこもよう,名詞
パルデアのすがた,パルデアのすがた,パルデアのすがた,名詞
ヒートロトム,ヒートロトム,ヒートロトム,名詞
ふたふしフォルム,ふたふしフォルム,ふたふしフォルム,名詞
ふつうのサイズ,ふつうのサイズ,ふつうのサイズ,名詞
ブラックキュレム,ブラックキュレム,ブラックキュレム,名詞
ふらふらスタイル,ふらふらスタイル,ふらふらスタイル,名詞
ブルーフェザー,ブルーフェザー,ブルーフェザー,名詞
ブレイズしゅ,ブレイズしゅ,ブレイズしゅ,名詞
ブレードフォルム,ブレードフォルム,ブレードフォルム,名詞
フロストロトム,フロストロトム,フロストロトム,名詞
ボイスフォルム,ボイスフォルム,ボイスフォルム,名詞
ホワイトキュレム,ホワイトキュレム,ホワイトキュレム,名詞
ホワイトフェザー,ホワイトフェザー,ホワイトフェザー,名詞
マイティ,マイティ,マイティ,名詞
まいまいスタイル,まいまいスタイル,まいまいスタイル,名詞
まひるのすがた,まひるのすがた,まひるのすがた,名詞
まよなかのすがた,まよなかのすがた,まよなかのすがた,名詞
まんぷくもよう,まんぷくもよう,まんぷくもよう,名詞
みつふしフォルム,みつふしフォルム,みつふしフォルム,名詞
むれたすがた,むれたすがた,むれたすがた,名詞
メスのすがた,メスのすがた,メスのすがた,名詞
めらめらスタイル,めらめらスタイル,めらめらスタイル,名詞
ゆきぐものすがた,ゆきぐものすがた,ゆきぐものすがた,名詞
ランドフォルム,ランドフォルム,ランドフォルム,名詞
りゅうせいのすがた,りゅうせいのすがた,りゅうせいのすがた,名詞
れいじゅうフォルム,れいじゅうフォルム,れいじゅうフォルム,名詞
れきせんのゆうしゃ,れきせんのゆうしゃ,れきせんのゆうしゃ,名詞
れんげきのかた,れんげきのかた,れんげきのかた,名詞
ローなすがた,ローなすがた,ローなすがた,名詞
#地域,,,
ガラル,ガラル,ガラル,名詞
アローラ,アローラ,アローラ,名詞
ヒスイ,ヒスイ,ヒスイ,名詞
パルデア,パルデア,パルデア,名詞
#ポケモンの名前,,,
フシギダネ,フシギダネ,フシギダネ,pokemon
フシギソウ,フシギソウ,フシギソウ,pokemon
フシギバナ,フシギバナ,フシギバナ,pokemon
メガフシギバナ,メガフシギバナ,メガフシギバナ,pokemon
ヒトカゲ,ヒトカゲ,ヒトカゲ,pokemon
リザード,リザード,リザード,pokemon
リザードン,リザードン,リザードン,pokemon
メガリザードンX,メガリザードンX,メガリザードンX,pokemon
メガリザードンY,メガリザードンY,メガリザードンY,pokemon
ゼニガメ,ゼニガメ,ゼニガメ,pokemon
カメール,カメール,カメール,pokemon
カメックス,カメックス,カメックス,pokemon
メガカメックス,メガカメックス,メガカメックス,pokemon
キャタピー,キャタピー,キャタピー,pokemon
トランセル,トランセル,トランセル,pokemon
バタフリー,バタフリー,バタフリー,pokemon
ビードル,ビードル,ビードル,pokemon
コクーン,コクーン,コクーン,pokemon
スピアー,スピアー,スピアー,pokemon
メガスピアー,メガスピアー,メガスピアー,pokemon
ポッポ,ポッポ,ポッポ,pokemon
ピジョン,ピジョン,ピジョン,pokemon
ピジョット,ピジョット,ピジョット,pokemon
メガピジョット,メガピジョット,メガピジョット,pokemon
コラッタ,コラッタ,コラッタ,pokemon
コラッタ,コラッタ,コラッタ,pokemon
ラッタ,ラッタ,ラッタ,pokemon
ラッタ,ラッタ,ラッタ,pokemon
オニスズメ,オニスズメ,オニスズメ,pokemon
オニドリル,オニドリル,オニドリル,pokemon
アーボ,アーボ,アーボ,pokemon
アーボック,アーボック,アーボック,pokemon
ピカチュウ,ピカチュウ,ピカチュウ,pokemon
ピカチュウ,ピカチュウ,ピカチュウ,pokemon
ライチュウ,ライチュウ,ライチュウ,pokemon
ライチュウ,ライチュウ,ライチュウ,pokemon
サンド,サンド,サンド,pokemon
サンド,サンド,サンド,pokemon
サンドパン,サンドパン,サンドパン,pokemon
サンドパン,サンドパン,サンドパン,pokemon
ニドラン♀,ニドラン♀,ニドラン♀,pokemon
ニドリーナ,ニドリーナ,ニドリーナ,pokemon
ニドクイン,ニドクイン,ニドクイン,pokemon
ニドラン♂,ニドラン♂,ニドラン♂,pokemon
ニドリーノ,ニドリーノ,ニドリーノ,pokemon
ニドキング,ニドキング,ニドキング,pokemon
ピッピ,ピッピ,ピッピ,pokemon
ピクシー,ピクシー,ピクシー,pokemon
ロコン,ロコン,ロコン,pokemon
ロコン,ロコン,ロコン,pokemon
キュウコン,キュウコン,キュウコン,pokemon
キュウコン,キュウコン,キュウコン,pokemon
プリン,プリン,プリン,pokemon
プクリン,プクリン,プクリン,pokemon
ズバット,ズバット,ズバット,pokemon
ゴルバット,ゴルバット,ゴルバット,pokemon
ナゾノクサ,ナゾノクサ,ナゾノクサ,pokemon
クサイハナ,クサイハナ,クサイハナ,pokemon
ラフレシア,ラフレシア,ラフレシア,pokemon
パラス,パラス,パラス,pokemon
パラセクト,パラセクト,パラセクト,pokemon
コンパン,コンパン,コンパン,pokemon
モルフォン,モルフォン,モルフォン,pokemon
ディグダ,ディグダ,ディグダ,pokemon
ディグダ,ディグダ,ディグダ,pokemon
ダグトリオ,ダグトリオ,ダグトリオ,pokemon
ダグトリオ,ダグトリオ,ダグトリオ,pokemon
ニャース,ニャース,ニャース,pokemon
ニャース,ニャース,ニャース,pokemon
ニャース,ニャース,ニャース,pokemon
ペルシアン,ペルシアン,ペルシアン,pokemon
ペルシアン,ペルシアン,ペルシアン,pokemon
コダック,コダック,コダック,pokemon
ゴルダック,ゴルダック,ゴルダック,pokemon
マンキー,マンキー,マンキー,pokemon
オコリザル,オコリザル,オコリザル,pokemon
ガーディ,ガーディ,ガーディ,pokemon
ガーディ,ガーディ,ガーディ,pokemon
ウインディ,ウインディ,ウインディ,pokemon
ウインディ,ウインディ,ウインディ,pokemon
ニョロモ,ニョロモ,ニョロモ,pokemon
ニョロゾ,ニョロゾ,ニョロゾ,pokemon
ニョロボン,ニョロボン,ニョロボン,pokemon
ケーシィ,ケーシィ,ケーシィ,pokemon
ユンゲラー,ユンゲラー,ユンゲラー,pokemon
フーディン,フーディン,フーディン,pokemon
メガフーディン,メガフーディン,メガフーディン,pokemon
ワンリキー,ワンリキー,ワンリキー,pokemon
ゴーリキー,ゴーリキー,ゴーリキー,pokemon
カイリキー,カイリキー,カイリキー,pokemon
マダツボミ,マダツボミ,マダツボミ,pokemon
ウツドン,ウツドン,ウツドン,pokemon
ウツボット,ウツボット,ウツボット,pokemon
メノクラゲ,メノクラゲ,メノクラゲ,pokemon
ドククラゲ,ドククラゲ,ドククラゲ,pokemon
イシツブテ,イシツブテ,イシツブテ,pokemon
イシツブテ,イシツブテ,イシツブテ,pokemon
ゴローン,ゴローン,ゴローン,pokemon
ゴローン,ゴローン,ゴローン,pokemon
ゴローニャ,ゴローニャ,ゴローニャ,pokemon
ゴローニャ,ゴローニャ,ゴローニャ,pokemon
ポニータ,ポニータ,ポニータ,pokemon
ポニータ,ポニータ,ポニータ,pokemon
ギャロップ,ギャロップ,ギャロップ,pokemon
ギャロップ,ギャロップ,ギャロップ,pokemon
ヤドン,ヤドン,ヤドン,pokemon
ヤドン,ヤドン,ヤドン,pokemon
ヤドラン,ヤドラン,ヤドラン,pokemon
メガヤドラン,メガヤドラン,メガヤドラン,pokemon
ヤドラン,ヤドラン,ヤドラン,pokemon
コイル,コイル,コイル,pokemon
レアコイル,レアコイル,レアコイル,pokemon
カモネギ,カモネギ,カモネギ,pokemon
カモネギ,カモネギ,カモネギ,pokemon
ドードー,ドードー,ドードー,pokemon
ドードリオ,ドードリオ,ドードリオ,pokemon
パウワウ,パウワウ,パウワウ,pokemon
ジュゴン,ジュゴン,ジュゴン,pokemon
ベトベター,ベトベター,ベトベター,pokemon
ベトベター,ベトベター,ベトベター,pokemon
ベトベトン,ベトベトン,ベトベトン,pokemon
ベトベトン,ベトベトン,ベトベトン,pokemon
シェルダー,シェルダー,シェルダー,pokemon
パルシェン,パルシェン,パルシェン,pokemon
ゴース,ゴース,ゴース,pokemon
ゴースト,ゴースト,ゴースト,pokemon
ゲンガー,ゲンガー,ゲンガー,pokemon
メガゲンガー,メガゲンガー,メガゲンガー,pokemon
イワーク,イワーク,イワーク,pokemon
スリープ,スリープ,スリープ,pokemon
スリーパー,スリーパー,スリーパー,pokemon
クラブ,クラブ,クラブ,pokemon
キングラー,キングラー,キングラー,pokemon
ビリリダマ,ビリリダマ,ビリリダマ,pokemon
ビリリダマ,ビリリダマ,ビリリダマ,pokemon
マルマイン,マルマイン,マルマイン,pokemon
マルマイン,マルマイン,マルマイン,pokemon
タマタマ,タマタマ,タマタマ,pokemon
ナッシー,ナッシー,ナッシー,pokemon
ナッシー,ナッシー,ナッシー,pokemon
カラカラ,カラカラ,カラカラ,pokemon
ガラガラ,ガラガラ,ガラガラ,pokemon
ガラガラ,ガラガラ,ガラガラ,pokemon
サワムラー,サワムラー,サワムラー,pokemon
エビワラー,エビワラー,エビワラー,pokemon
ベロリンガ,ベロリンガ,ベロリンガ,pokemon
ドガース,ドガース,ドガース,pokemon
マタドガス,マタドガス,マタドガス,pokemon
マタドガス,マタドガス,マタドガス,pokemon
サイホーン,サイホーン,サイホーン,pokemon
サイドン,サイドン,サイドン,pokemon
ラッキー,ラッキー,ラッキー,pokemon
モンジャラ,モンジャラ,モンジャラ,pokemon
ガルーラ,ガルーラ,ガルーラ,pokemon
メガガルーラ,メガガルーラ,メガガルーラ,pokemon
タッツー,タッツー,タッツー,pokemon
シードラ,シードラ,シードラ,pokemon
トサキント,トサキント,トサキント,pokemon
アズマオウ,アズマオウ,アズマオウ,pokemon
ヒトデマン,ヒトデマン,ヒトデマン,pokemon
スターミー,スターミー,スターミー,pokemon
バリヤード,バリヤード,バリヤード,pokemon
バリヤード,バリヤード,バリヤード,pokemon
ストライク,ストライク,ストライク,pokemon
ルージュラ,ルージュラ,ルージュラ,pokemon
エレブー,エレブー,エレブー,pokemon
ブーバー,ブーバー,ブーバー,pokemon
カイロス,カイロス,カイロス,pokemon
メガカイロス,メガカイロス,メガカイロス,pokemon
ケンタロス,ケンタロス,ケンタロス,pokemon
ケンタロス,ケンタロス,ケンタロス,pokemon
ケンタロス,ケンタロス,ケンタロス,pokemon
ケンタロス,ケンタロス,ケンタロス,pokemon
コイキング,コイキング,コイキング,pokemon
ギャラドス,ギャラドス,ギャラドス,pokemon
メガギャラドス,メガギャラドス,メガギャラドス,pokemon
ラプラス,ラプラス,ラプラス,pokemon
メタモン,メタモン,メタモン,pokemon
イーブイ,イーブイ,イーブイ,pokemon
イーブイ,イーブイ,イーブイ,pokemon
シャワーズ,シャワーズ,シャワーズ,pokemon
サンダース,サンダース,サンダース,pokemon
ブースター,ブースター,ブースター,pokemon
ポリゴン,ポリゴン,ポリゴン,pokemon
オムナイト,オムナイト,オムナイト,pokemon
オムスター,オムスター,オムスター,pokemon
カブト,カブト,カブト,pokemon
カブトプス,カブトプス,カブトプス,pokemon
プテラ,プテラ,プテラ,pokemon
メガプテラ,メガプテラ,メガプテラ,pokemon
カビゴン,カビゴン,カビゴン,pokemon
フリーザー,フリーザー,フリーザー,pokemon
フリーザー,フリーザー,フリーザー,pokemon
サンダー,サンダー,サンダー,pokemon
サンダー,サンダー,サンダー,pokemon
ファイヤー,ファイヤー,ファイヤー,pokemon
ファイヤー,ファイヤー,ファイヤー,pokemon
ミニリュウ,ミニリュウ,ミニリュウ,pokemon
ハクリュー,ハクリュー,ハクリュー,pokemon
カイリュー,カイリュー,カイリュー,pokemon
ミュウツー,ミュウツー,ミュウツー,pokemon
メガミュウツーX,メガミュウツーX,メガミュウツーX,pokemon
メガミュウツーY,メガミュウツーY,メガミュウツーY,pokemon
ミュウ,ミュウ,ミュウ,pokemon
チコリータ,チコリータ,チコリータ,pokemon
ベイリーフ,ベイリーフ,ベイリーフ,pokemon
メガニウム,メガニウム,メガニウム,pokemon
ヒノアラシ,ヒノアラシ,ヒノアラシ,pokemon
マグマラシ,マグマラシ,マグマラシ,pokemon
バクフーン,バクフーン,バクフーン,pokemon
バクフーン,バクフーン,バクフーン,pokemon
ワニノコ,ワニノコ,ワニノコ,pokemon
アリゲイツ,アリゲイツ,アリゲイツ,pokemon
オーダイル,オーダイル,オーダイル,pokemon
オタチ,オタチ,オタチ,pokemon
オオタチ,オオタチ,オオタチ,pokemon
ホーホー,ホーホー,ホーホー,pokemon
ヨルノズク,ヨルノズク,ヨルノズク,pokemon
レディバ,レディバ,レディバ,pokemon
レディアン,レディアン,レディアン,pokemon
イトマル,イトマル,イトマル,pokemon
アリアドス,アリアドス,アリアドス,pokemon
クロバット,クロバット,クロバット,pokemon
チョンチー,チョンチー,チョンチー,pokemon
ランターン,ランターン,ランターン,pokemon
ピチュー,ピチュー,ピチュー,pokemon
ピィ,ピィ,ピィ,pokemon
ププリン,ププリン,ププリン,pokemon
トゲピー,トゲピー,トゲピー,pokemon
トゲチック,トゲチック,トゲチック,pokemon
ネイティ,ネイティ,ネイティ,pokemon
ネイティオ,ネイティオ,ネイティオ,pokemon
メリープ,メリープ,メリープ,pokemon
モココ,モココ,モココ,pokemon
デンリュウ,デンリュウ,デンリュウ,pokemon
メガデンリュウ,メガデンリュウ,メガデンリュウ,pokemon
キレイハナ,キレイハナ,キレイハナ,pokemon
マリル,マリル,マリル,pokemon
マリルリ,マリルリ,マリルリ,pokemon
ウソッキー,ウソッキー,ウソッキー,pokemon
ニョロトノ,ニョロトノ,ニョロトノ,pokemon
ハネッコ,ハネッコ,ハネッコ,pokemon
ポポッコ,ポポッコ,ポポッコ,pokemon
ワタッコ,ワタッコ,ワタッコ,pokemon
エイパム,エイパム,エイパム,pokemon
ヒマナッツ,ヒマナッツ,ヒマナッツ,pokemon
キマワリ,キマワリ,キマワリ,pokemon
ヤンヤンマ,ヤンヤンマ,ヤンヤンマ,pokemon
ウパー,ウパー,ウパー,pokemon
ウパー,ウパー,ウパー,pokemon
ヌオー,ヌオー,ヌオー,pokemon
エーフィ,エーフィ,エーフィ,pokemon
ブラッキー,ブラッキー,ブラッキー,pokemon
ヤミカラス,ヤミカラス,ヤミカラス,pokemon
ヤドキング,ヤドキング,ヤドキング,pokemon
ヤドキング,ヤドキング,ヤドキング,pokemon
ムウマ,ムウマ,ムウマ,pokemon
アンノーン,アンノーン,アンノーン,pokemon
ソーナンス,ソーナンス,ソーナンス,pokemon
キリンリキ,キリンリキ,キリンリキ,pokemon
クヌギダマ,クヌギダマ,クヌギダマ,pokemon
フォレトス,フォレトス,フォレトス,pokemon
ノコッチ,ノコッチ,ノコッチ,pokemon
グライガー,グライガー,グライガー,pokemon
ハガネール,ハガネール,ハガネール,pokemon
メガハガネール,メガハガネール,メガハガネール,pokemon
ブルー,ブルー,ブルー,pokemon
グランブル,グランブル,グランブル,pokemon
ハリーセン,ハリーセン,ハリーセン,pokemon
ハリーセン,ハリーセン,ハリーセン,pokemon
ハッサム,ハッサム,ハッサム,pokemon
メガハッサム,メガハッサム,メガハッサム,pokemon
ツボツボ,ツボツボ,ツボツボ,pokemon
ヘラクロス,ヘラクロス,ヘラクロス,pokemon
メガヘラクロス,メガヘラクロス,メガヘラクロス,pokemon
ニューラ,ニューラ,ニューラ,pokemon
ニューラ,ニューラ,ニューラ,pokemon
ヒメグマ,ヒメグマ,ヒメグマ,pokemon
リングマ,リングマ,リングマ,pokemon
マグマッグ,マグマッグ,マグマッグ,pokemon
マグカルゴ,マグカルゴ,マグカルゴ,pokemon
ウリムー,ウリムー,ウリムー,pokemon
イノムー,イノムー,イノムー,pokemon
サニーゴ,サニーゴ,サニーゴ,pokemon
サニーゴ,サニーゴ,サニーゴ,pokemon
テッポウオ,テッポウオ,テッポウオ,pokemon
オクタン,オクタン,オクタン,pokemon
デリバード,デリバード,デリバード,pokemon
マンタイン,マンタイン,マンタイン,pokemon
エアームド,エアームド,エアームド,pokemon
デルビル,デルビル,デルビル,pokemon
ヘルガー,ヘルガー,ヘルガー,pokemon
メガヘルガー,メガヘルガー,メガヘルガー,pokemon
キングドラ,キングドラ,キングドラ,pokemon
ゴマゾウ,ゴマゾウ,ゴマゾウ,pokemon
ドンファン,ドンファン,ドンファン,pokemon
ポリゴン2,ポリゴン2,ポリゴン2,pokemon
オドシシ,オドシシ,オドシシ,pokemon
ドーブル,ドーブル,ドーブル,pokemon
バルキー,バルキー,バルキー,pokemon
カポエラー,カポエラー,カポエラー,pokemon
ムチュール,ムチュール,ムチュール,pokemon
エレキッド,エレキッド,エレキッド,pokemon
ブビィ,ブビィ,ブビィ,pokemon
ミルタンク,ミルタンク,ミルタンク,pokemon
ハピナス,ハピナス,ハピナス,pokemon
ライコウ,ライコウ,ライコウ,pokemon
エンテイ,エンテイ,エンテイ,pokemon
スイクン,スイクン,スイクン,pokemon
ヨーギラス,ヨーギラス,ヨーギラス,pokemon
サナギラス,サナギラス,サナギラス,pokemon
バンギラス,バンギラス,バンギラス,pokemon
メガバンギラス,メガバンギラス,メガバンギラス,pokemon
ルギア,ルギア,ルギア,pokemon
ホウオウ,ホウオウ,ホウオウ,pokemon
セレビィ,セレビィ,セレビィ,pokemon
キモリ,キモリ,キモリ,pokemon
ジュプトル,ジュプトル,ジュプトル,pokemon
ジュカイン,ジュカイン,ジュカイン,pokemon
メガジュカイン,メガジュカイン,メガジュカイン,pokemon
アチャモ,アチャモ,アチャモ,pokemon
ワカシャモ,ワカシャモ,ワカシャモ,pokemon
バシャーモ,バシャーモ,バシャーモ,pokemon
メガバシャーモ,メガバシャーモ,メガバシャーモ,pokemon
ミズゴロウ,ミズゴロウ,ミズゴロウ,pokemon
ヌマクロー,ヌマクロー,ヌマクロー,pokemon
ラグラージ,ラグラージ,ラグラージ,pokemon
メガラグラージ,メガラグラージ,メガラグラージ,pokemon
ポチエナ,ポチエナ,ポチエナ,pokemon
グラエナ,グラエナ,グラエナ,pokemon
ジグザグマ,ジグザグマ,ジグザグマ,pokemon
ジグザグマ,ジグザグマ,ジグザグマ,pokemon
マッスグマ,マッスグマ,マッスグマ,pokemon
マッスグマ,マッスグマ,マッスグマ,pokemon
ケムッソ,ケムッソ,ケムッソ,pokemon
カラサリス,カラサリス,カラサリス,pokemon
アゲハント,アゲハント,アゲハント,pokemon
マユルド,マユルド,マユルド,pokemon
ドクケイル,ドクケイル,ドクケイル,pokemon
ハスボー,ハスボー,ハスボー,pokemon
ハスブレロ,ハスブレロ,ハスブレロ,pokemon
ルンパッパ,ルンパッパ,ルンパッパ,pokemon
タネボー,タネボー,タネボー,pokemon
コノハナ,コノハナ,コノハナ,pokemon
ダーテング,ダーテング,ダーテング,pokemon
スバメ,スバメ,スバメ,pokemon
オオスバメ,オオスバメ,オオスバメ,pokemon
キャモメ,キャモメ,キャモメ,pokemon
ペリッパー,ペリッパー,ペリッパー,pokemon
ラルトス,ラルトス,ラルトス,pokemon
キルリア,キルリア,キルリア,pokemon
サーナイト,サーナイト,サーナイト,pokemon
メガサーナイト,メガサーナイト,メガサーナイト,pokemon
アメタマ,アメタマ,アメタマ,pokemon
アメモース,アメモース,アメモース,pokemon
キノココ,キノココ,キノココ,pokemon
キノガッサ,キノガッサ,キノガッサ,pokemon
ナマケロ,ナマケロ,ナマケロ,pokemon
ヤルキモノ,ヤルキモノ,ヤルキモノ,pokemon
ケッキング,ケッキング,ケッキング,pokemon
ツチニン,ツチニン,ツチニン,pokemon
テッカニン,テッカニン,テッカニン,pokemon
ヌケニン,ヌケニン,ヌケニン,pokemon
ゴニョニョ,ゴニョニョ,ゴニョニョ,pokemon
ドゴーム,ドゴーム,ドゴーム,pokemon
バクオング,バクオング,バクオング,pokemon
マクノシタ,マクノシタ,マクノシタ,pokemon
ハリテヤマ,ハリテヤマ,ハリテヤマ,pokemon
ルリリ,ルリリ,ルリリ,pokemon
ノズパス,ノズパス,ノズパス,pokemon
エネコ,エネコ,エネコ,pokemon
エネコロロ,エネコロロ,エネコロロ,pokemon
ヤミラミ,ヤミラミ,ヤミラミ,pokemon
メガヤミラミ,メガヤミラミ,メガヤミラミ,pokemon
クチート,クチート,クチート,pokemon
メガクチート,メガクチート,メガクチート,pokemon
ココドラ,ココドラ,ココドラ,pokemon
コドラ,コドラ,コドラ,pokemon
ボスゴドラ,ボスゴドラ,ボスゴドラ,pokemon
メガボスゴドラ,メガボスゴドラ,メガボスゴドラ,pokemon
アサナン,アサナン,アサナン,pokemon
チャーレム,チャーレム,チャーレム,pokemon
メガチャーレム,メガチャーレム,メガチャーレム,pokemon
ラクライ,ラクライ,ラクライ,pokemon
ライボルト,ライボルト,ライボルト,pokemon
メガライボルト,メガライボルト,メガライボルト,pokemon
プラスル,プラスル,プラスル,pokemon
マイナン,マイナン,マイナン,pokemon
バルビート,バルビート,バルビート,pokemon
イルミーゼ,イルミーゼ,イルミーゼ,pokemon
ロゼリア,ロゼリア,ロゼリア,pokemon
ゴクリン,ゴクリン,ゴクリン,pokemon
マルノーム,マルノーム,マルノーム,pokemon
キバニア,キバニア,キバニア,pokemon
サメハダー,サメハダー,サメハダー,pokemon
メガサメハダー,メガサメハダー,メガサメハダー,pokemon
ホエルコ,ホエルコ,ホエルコ,pokemon
ホエルオー,ホエルオー,ホエルオー,pokemon
ドンメル,ドンメル,ドンメル,pokemon
バクーダ,バクーダ,バクーダ,pokemon
メガバクーダ,メガバクーダ,メガバクーダ,pokemon
コータス,コータス,コータス,pokemon
バネブー,バネブー,バネブー,pokemon
ブーピッグ,ブーピッグ,ブーピッグ,pokemon
パッチール,パッチール,パッチール,pokemon
ナックラー,ナックラー,ナックラー,pokemon
ビブラーバ,ビブラーバ,ビブラーバ,pokemon
フライゴン,フライゴン,フライゴン,pokemon
サボネア,サボネア,サボネア,pokemon
ノクタス,ノクタス,ノクタス,pokemon
チルット,チルット,チルット,pokemon
チルタリス,チルタリス,チルタリス,pokemon
メガチルタリス,メガチルタリス,メガチルタリス,pokemon
ザングース,ザングース,ザングース,pokemon
ハブネーク,ハブネーク,ハブネーク,pokemon
ルナトーン,ルナトーン,ルナトーン,pokemon
ソルロック,ソルロック,ソルロック,pokemon
ドジョッチ,ドジョッチ,ドジョッチ,pokemon
ナマズン,ナマズン,ナマズン,pokemon
ヘイガニ,ヘイガニ,ヘイガニ,pokemon
シザリガー,シザリガー,シザリガー,pokemon
ヤジロン,ヤジロン,ヤジロン,pokemon
ネンドール,ネンドール,ネンドール,pokemon
リリーラ,リリーラ,リリーラ,pokemon
ユレイドル,ユレイドル,ユレイドル,pokemon
アノプス,アノプス,アノプス,pokemon
アーマルド,アーマルド,アーマルド,pokemon
ヒンバス,ヒンバス,ヒンバス,pokemon
ミロカロス,ミロカロス,ミロカロス,pokemon
ポワルン,ポワルン,ポワルン,pokemon
ポワルン,ポワルン,ポワルン,pokemon
ポワルン,ポワルン,ポワルン,pokemon
ポワルン,ポワルン,ポワルン,pokemon
カクレオン,カクレオン,カクレオン,pokemon
カゲボウズ,カゲボウズ,カゲボウズ,pokemon
ジュペッタ,ジュペッタ,ジュペッタ,pokemon
メガジュペッタ,メガジュペッタ,メガジュペッタ,pokemon
ヨマワル,ヨマワル,ヨマワル,pokemon
サマヨール,サマヨール,サマヨール,pokemon
トロピウス,トロピウス,トロピウス,pokemon
チリーン,チリーン,チリーン,pokemon
アブソル,アブソル,アブソル,pokemon
メガアブソル,メガアブソル,メガアブソル,pokemon
ソーナノ,ソーナノ,ソーナノ,pokemon
ユキワラシ,ユキワラシ,ユキワラシ,pokemon
オニゴーリ,オニゴーリ,オニゴーリ,pokemon
メガオニゴーリ,メガオニゴーリ,メガオニゴーリ,pokemon
タマザラシ,タマザラシ,タマザラシ,pokemon
トドグラー,トドグラー,トドグラー,pokemon
トドゼルガ,トドゼルガ,トドゼルガ,pokemon
パールル,パールル,パールル,pokemon
ハンテール,ハンテール,ハンテール,pokemon
サクラビス,サクラビス,サクラビス,pokemon
ジーランス,ジーランス,ジーランス,pokemon
ラブカス,ラブカス,ラブカス,pokemon
タツベイ,タツベイ,タツベイ,pokemon
コモルー,コモルー,コモルー,pokemon
ボーマンダ,ボーマンダ,ボーマンダ,pokemon
メガボーマンダ,メガボーマンダ,メガボーマンダ,pokemon
ダンバル,ダンバル,ダンバル,pokemon
メタング,メタング,メタング,pokemon
メタグロス,メタグロス,メタグロス,pokemon
メガメタグロス,メガメタグロス,メガメタグロス,pokemon
レジロック,レジロック,レジロック,pokemon
レジアイス,レジアイス,レジアイス,pokemon
レジスチル,レジスチル,レジスチル,pokemon
ラティアス,ラティアス,ラティアス,pokemon
メガラティアス,メガラティアス,メガラティアス,pokemon
ラティオス,ラティオス,ラティオス,pokemon
メガラティオス,メガラティオス,メガラティオス,pokemon
カイオーガ,カイオーガ,カイオーガ,pokemon
ゲンシカイオーガ,ゲンシカイオーガ,ゲンシカイオーガ,pokemon
グラードン,グラードン,グラードン,pokemon
ゲンシグラードン,ゲンシグラードン,ゲンシグラードン,pokemon
レックウザ,レックウザ,レックウザ,pokemon
メガレックウザ,メガレックウザ,メガレックウザ,pokemon
ジラーチ,ジラーチ,ジラーチ,pokemon
デオキシス,デオキシス,デオキシス,pokemon
デオキシス,デオキシス,デオキシス,pokemon
デオキシス,デオキシス,デオキシス,pokemon
デオキシス,デオキシス,デオキシス,pokemon
ナエトル,ナエトル,ナエトル,pokemon
ハヤシガメ,ハヤシガメ,ハヤシガメ,pokemon
ドダイトス,ドダイトス,ドダイトス,pokemon
ヒコザル,ヒコザル,ヒコザル,pokemon
モウカザル,モウカザル,モウカザル,pokemon
ゴウカザル,ゴウカザル,ゴウカザル,pokemon
ポッチャマ,ポッチャマ,ポッチャマ,pokemon
ポッタイシ,ポッタイシ,ポッタイシ,pokemon
エンペルト,エンペルト,エンペルト,pokemon
ムックル,ムックル,ムックル,pokemon
ムクバード,ムクバード,ムクバード,pokemon
ムクホーク,ムクホーク,ムクホーク,pokemon
ビッパ,ビッパ,ビッパ,pokemon
ビーダル,ビーダル,ビーダル,pokemon
コロボーシ,コロボーシ,コロボーシ,pokemon
コロトック,コロトック,コロトック,pokemon
コリンク,コリンク,コリンク,pokemon
ルクシオ,ルクシオ,ルクシオ,pokemon
レントラー,レントラー,レントラー,pokemon
スボミー,スボミー,スボミー,pokemon
ロズレイド,ロズレイド,ロズレイド,pokemon
ズガイドス,ズガイドス,ズガイドス,pokemon
ラムパルド,ラムパルド,ラムパルド,pokemon
タテトプス,タテトプス,タテトプス,pokemon
トリデプス,トリデプス,トリデプス,pokemon
ミノムッチ,ミノムッチ,ミノムッチ,pokemon
ミノムッチ,ミノムッチ,ミノムッチ,pokemon
ミノムッチ,ミノムッチ,ミノムッチ,pokemon
ミノマダム,ミノマダム,ミノマダム,pokemon
ミノマダム,ミノマダム,ミノマダム,pokemon
ミノマダム,ミノマダム,ミノマダム,pokemon
ガーメイル,ガーメイル,ガーメイル,pokemon
ミツハニー,ミツハニー,ミツハニー,pokemon
ビークイン,ビークイン,ビークイン,pokemon
パチリス,パチリス,パチリス,pokemon
ブイゼル,ブイゼル,ブイゼル,pokemon
フローゼル,フローゼル,フローゼル,pokemon
チェリンボ,チェリンボ,チェリンボ,pokemon
チェリム,チェリム,チェリム,pokemon
カラナクシ,カラナクシ,カラナクシ,pokemon
トリトドン,トリトドン,トリトドン,pokemon
エテボース,エテボース,エテボース,pokemon
フワンテ,フワンテ,フワンテ,pokemon
フワライド,フワライド,フワライド,pokemon
ミミロル,ミミロル,ミミロル,pokemon
ミミロップ,ミミロップ,ミミロップ,pokemon
メガミミロップ,メガミミロップ,メガミミロップ,pokemon
ムウマージ,ムウマージ,ムウマージ,pokemon
ドンカラス,ドンカラス,ドンカラス,pokemon
ニャルマー,ニャルマー,ニャルマー,pokemon
ブニャット,ブニャット,ブニャット,pokemon
リーシャン,リーシャン,リーシャン,pokemon
スカンプー,スカンプー,スカンプー,pokemon
スカタンク,スカタンク,スカタンク,pokemon
ドーミラー,ドーミラー,ドーミラー,pokemon
ドータクン,ドータクン,ドータクン,pokemon
ウソハチ,ウソハチ,ウソハチ,pokemon
マネネ,マネネ,マネネ,pokemon
ピンプク,ピンプク,ピンプク,pokemon
ペラップ,ペラップ,ペラップ,pokemon
ミカルゲ,ミカルゲ,ミカルゲ,pokemon
フカマル,フカマル,フカマル,pokemon
ガバイト,ガバイト,ガバイト,pokemon
ガブリアス,ガブリアス,ガブリアス,pokemon
メガガブリアス,メガガブリアス,メガガブリアス,pokemon
ゴンベ,ゴンベ,ゴンベ,pokemon
リオル,リオル,リオル,pokemon
ルカリオ,ルカリオ,ルカリオ,pokemon
メガルカリオ,メガルカリオ,メガルカリオ,pokemon
ヒポポタス,ヒポポタス,ヒポポタス,pokemon
カバルドン,カバルドン,カバルドン,pokemon
スコルピ,スコルピ,スコルピ,pokemon
ドラピオン,ドラピオン,ドラピオン,pokemon
グレッグル,グレッグル,グレッグル,pokemon
ドクロッグ,ドクロッグ,ドクロッグ,pokemon
マスキッパ,マスキッパ,マスキッパ,pokemon
ケイコウオ,ケイコウオ,ケイコウオ,pokemon
ネオラント,ネオラント,ネオラント,pokemon
タマンタ,タマンタ,タマンタ,pokemon
ユキカブリ,ユキカブリ,ユキカブリ,pokemon
ユキノオー,ユキノオー,ユキノオー,pokemon
メガユキノオー,メガユキノオー,メガユキノオー,pokemon
マニューラ,マニューラ,マニューラ,pokemon
ジバコイル,ジバコイル,ジバコイル,pokemon
ベロベルト,ベロベルト,ベロベルト,pokemon
ドサイドン,ドサイドン,ドサイドン,pokemon
モジャンボ,モジャンボ,モジャンボ,pokemon
エレキブル,エレキブル,エレキブル,pokemon
ブーバーン,ブーバーン,ブーバーン,pokemon
トゲキッス,トゲキッス,トゲキッス,pokemon
メガヤンマ,メガヤンマ,メガヤンマ,pokemon
リーフィア,リーフィア,リーフィア,pokemon
グレイシア,グレイシア,グレイシア,pokemon
グライオン,グライオン,グライオン,pokemon
マンムー,マンムー,マンムー,pokemon
ポリゴンZ,ポリゴンZ,ポリゴンZ,pokemon
エルレイド,エルレイド,エルレイド,pokemon
メガエルレイド,メガエルレイド,メガエルレイド,pokemon
ダイノーズ,ダイノーズ,ダイノーズ,pokemon
ヨノワール,ヨノワール,ヨノワール,pokemon
ユキメノコ,ユキメノコ,ユキメノコ,pokemon
ロトム,ロトム,ロトム,pokemon
ロトム,ロトム,ロトム,pokemon
ロトム,ロトム,ロトム,pokemon
ロトム,ロトム,ロトム,pokemon
ロトム,ロトム,ロトム,pokemon
ロトム,ロトム,ロトム,pokemon
ユクシー,ユクシー,ユクシー,pokemon
エムリット,エムリット,エムリット,pokemon
アグノム,アグノム,アグノム,pokemon
ディアルガ,ディアルガ,ディアルガ,pokemon
ディアルガ,ディアルガ,ディアルガ,pokemon
パルキア,パルキア,パルキア,pokemon
パルキア,パルキア,パルキア,pokemon
ヒードラン,ヒードラン,ヒードラン,pokemon
レジギガス,レジギガス,レジギガス,pokemon
ギラティナ,ギラティナ,ギラティナ,pokemon
ギラティナ,ギラティナ,ギラティナ,pokemon
クレセリア,クレセリア,クレセリア,pokemon
フィオネ,フィオネ,フィオネ,pokemon
マナフィ,マナフィ,マナフィ,pokemon
ダークライ,ダークライ,ダークライ,pokemon
シェイミ,シェイミ,シェイミ,pokemon
シェイミ,シェイミ,シェイミ,pokemon
アルセウス,アルセウス,アルセウス,pokemon
ビクティニ,ビクティニ,ビクティニ,pokemon
ツタージャ,ツタージャ,ツタージャ,pokemon
ジャノビー,ジャノビー,ジャノビー,pokemon
ジャローダ,ジャローダ,ジャローダ,pokemon
ポカブ,ポカブ,ポカブ,pokemon
チャオブー,チャオブー,チャオブー,pokemon
エンブオー,エンブオー,エンブオー,pokemon
ミジュマル,ミジュマル,ミジュマル,pokemon
フタチマル,フタチマル,フタチマル,pokemon
ダイケンキ,ダイケンキ,ダイケンキ,pokemon
ダイケンキ,ダイケンキ,ダイケンキ,pokemon
ミネズミ,ミネズミ,ミネズミ,pokemon
ミルホッグ,ミルホッグ,ミルホッグ,pokemon
ヨーテリー,ヨーテリー,ヨーテリー,pokemon
ハーデリア,ハーデリア,ハーデリア,pokemon
ムーランド,ムーランド,ムーランド,pokemon
チョロネコ,チョロネコ,チョロネコ,pokemon
レパルダス,レパルダス,レパルダス,pokemon
ヤナップ,ヤナップ,ヤナップ,pokemon
ヤナッキー,ヤナッキー,ヤナッキー,pokemon
バオップ,バオップ,バオップ,pokemon
バオッキー,バオッキー,バオッキー,pokemon
ヒヤップ,ヒヤップ,ヒヤップ,pokemon
ヒヤッキー,ヒヤッキー,ヒヤッキー,pokemon
ムンナ,ムンナ,ムンナ,pokemon
ムシャーナ,ムシャーナ,ムシャーナ,pokemon
マメパト,マメパト,マメパト,pokemon
ハトーボー,ハトーボー,ハトーボー,pokemon
ケンホロウ,ケンホロウ,ケンホロウ,pokemon
シママ,シママ,シママ,pokemon
ゼブライカ,ゼブライカ,ゼブライカ,pokemon
ダンゴロ,ダンゴロ,ダンゴロ,pokemon
ガントル,ガントル,ガントル,pokemon
ギガイアス,ギガイアス,ギガイアス,pokemon
コロモリ,コロモリ,コロモリ,pokemon
ココロモリ,ココロモリ,ココロモリ,pokemon
モグリュー,モグリュー,モグリュー,pokemon
ドリュウズ,ドリュウズ,ドリュウズ,pokemon
タブンネ,タブンネ,タブンネ,pokemon
メガタブンネ,メガタブンネ,メガタブンネ,pokemon
ドッコラー,ドッコラー,ドッコラー,pokemon
ドテッコツ,ドテッコツ,ドテッコツ,pokemon
ローブシン,ローブシン,ローブシン,pokemon
オタマロ,オタマロ,オタマロ,pokemon
ガマガル,ガマガル,ガマガル,pokemon
ガマゲロゲ,ガマゲロゲ,ガマゲロゲ,pokemon
ナゲキ,ナゲキ,ナゲキ,pokemon
ダゲキ,ダゲキ,ダゲキ,pokemon
クルミル,クルミル,クルミル,pokemon
クルマユ,クルマユ,クルマユ,pokemon
ハハコモリ,ハハコモリ,ハハコモリ,pokemon
フシデ,フシデ,フシデ,pokemon
ホイーガ,ホイーガ,ホイーガ,pokemon
ペンドラー,ペンドラー,ペンドラー,pokemon
モンメン,モンメン,モンメン,pokemon
エルフーン,エルフーン,エルフーン,pokemon
チュリネ,チュリネ,チュリネ,pokemon
ドレディア,ドレディア,ドレディア,pokemon
ドレディア,ドレディア,ドレディア,pokemon
バスラオ,バスラオ,バスラオ,pokemon
バスラオ,バスラオ,バスラオ,pokemon
バスラオ,バスラオ,バスラオ,pokemon
メグロコ,メグロコ,メグロコ,pokemon
ワルビル,ワルビル,ワルビル,pokemon
ワルビアル,ワルビアル,ワルビアル,pokemon
ダルマッカ,ダルマッカ,ダルマッカ,pokemon
ダルマッカ,ダルマッカ,ダルマッカ,pokemon
ヒヒダルマ,ヒヒダルマ,ヒヒダルマ,pokemon
ヒヒダルマ,ヒヒダルマ,ヒヒダルマ,pokemon
ヒヒダルマ,ヒヒダルマ,ヒヒダルマ,pokemon
ヒヒダルマ,ヒヒダルマ,ヒヒダルマ,pokemon
マラカッチ,マラカッチ,マラカッチ,pokemon
イシズマイ,イシズマイ,イシズマイ,pokemon
イワパレス,イワパレス,イワパレス,pokemon
ズルッグ,ズルッグ,ズルッグ,pokemon
ズルズキン,ズルズキン,ズルズキン,pokemon
シンボラー,シンボラー,シンボラー,pokemon
デスマス,デスマス,デスマス,pokemon
デスマス,デスマス,デスマス,pokemon
デスカーン,デスカーン,デスカーン,pokemon
プロトーガ,プロトーガ,プロトーガ,pokemon
アバゴーラ,アバゴーラ,アバゴーラ,pokemon
アーケン,アーケン,アーケン,pokemon
アーケオス,アーケオス,アーケオス,pokemon
ヤブクロン,ヤブクロン,ヤブクロン,pokemon
ダストダス,ダストダス,ダストダス,pokemon
ゾロア,ゾロア,ゾロア,pokemon
ゾロア,ゾロア,ゾロア,pokemon
ゾロアーク,ゾロアーク,ゾロアーク,pokemon
ゾロアーク,ゾロアーク,ゾロアーク,pokemon
チラーミィ,チラーミィ,チラーミィ,pokemon
チラチーノ,チラチーノ,チラチーノ,pokemon
ゴチム,ゴチム,ゴチム,pokemon
ゴチミル,ゴチミル,ゴチミル,pokemon
ゴチルゼル,ゴチルゼル,ゴチルゼル,pokemon
ユニラン,ユニラン,ユニラン,pokemon
ダブラン,ダブラン,ダブラン,pokemon
ランクルス,ランクルス,ランクルス,pokemon
コアルヒー,コアルヒー,コアルヒー,pokemon
スワンナ,スワンナ,スワンナ,pokemon
バニプッチ,バニプッチ,バニプッチ,pokemon
バニリッチ,バニリッチ,バニリッチ,pokemon
バイバニラ,バイバニラ,バイバニラ,pokemon
シキジカ,シキジカ,シキジカ,pokemon
メブキジカ,メブキジカ,メブキジカ,pokemon
エモンガ,エモンガ,エモンガ,pokemon
カブルモ,カブルモ,カブルモ,pokemon
シュバルゴ,シュバルゴ,シュバルゴ,pokemon
タマゲタケ,タマゲタケ,タマゲタケ,pokemon
モロバレル,モロバレル,モロバレル,pokemon
プルリル,プルリル,プルリル,pokemon
ブルンゲル,ブルンゲル,ブルンゲル,pokemon
ママンボウ,ママンボウ,ママンボウ,pokemon
バチュル,バチュル,バチュル,pokemon
デンチュラ,デンチュラ,デンチュラ,pokemon
テッシード,テッシード,テッシード,pokemon
ナットレイ,ナットレイ,ナットレイ,pokemon
ギアル,ギアル,ギアル,pokemon
ギギアル,ギギアル,ギギアル,pokemon
ギギギアル,ギギギアル,ギギギアル,pokemon
シビシラス,シビシラス,シビシラス,pokemon
シビビール,シビビール,シビビール,pokemon
シビルドン,シビルドン,シビルドン,pokemon
リグレー,リグレー,リグレー,pokemon
オーベム,オーベム,オーベム,pokemon
ヒトモシ,ヒトモシ,ヒトモシ,pokemon
ランプラー,ランプラー,ランプラー,pokemon
シャンデラ,シャンデラ,シャンデラ,pokemon
キバゴ,キバゴ,キバゴ,pokemon
オノンド,オノンド,オノンド,pokemon
オノノクス,オノノクス,オノノクス,pokemon
クマシュン,クマシュン,クマシュン,pokemon
ツンベアー,ツンベアー,ツンベアー,pokemon
フリージオ,フリージオ,フリージオ,pokemon
チョボマキ,チョボマキ,チョボマキ,pokemon
アギルダー,アギルダー,アギルダー,pokemon
マッギョ,マッギョ,マッギョ,pokemon
マッギョ,マッギョ,マッギョ,pokemon
コジョフー,コジョフー,コジョフー,pokemon
コジョンド,コジョンド,コジョンド,pokemon
クリムガン,クリムガン,クリムガン,pokemon
ゴビット,ゴビット,ゴビット,pokemon
ゴルーグ,ゴルーグ,ゴルーグ,pokemon
コマタナ,コマタナ,コマタナ,pokemon
キリキザン,キリキザン,キリキザン,pokemon
バッフロン,バッフロン,バッフロン,pokemon
ワシボン,ワシボン,ワシボン,pokemon
ウォーグル,ウォーグル,ウォーグル,pokemon
ウォーグル,ウォーグル,ウォーグル,pokemon
バルチャイ,バルチャイ,バルチャイ,pokemon
バルジーナ,バルジーナ,バルジーナ,pokemon
クイタラン,クイタラン,クイタラン,pokemon
アイアント,アイアント,アイアント,pokemon
モノズ,モノズ,モノズ,pokemon
ジヘッド,ジヘッド,ジヘッド,pokemon
サザンドラ,サザンドラ,サザンドラ,pokemon
メラルバ,メラルバ,メラルバ,pokemon
ウルガモス,ウルガモス,ウルガモス,pokemon
コバルオン,コバルオン,コバルオン,pokemon
テラキオン,テラキオン,テラキオン,pokemon
ビリジオン,ビリジオン,ビリジオン,pokemon
トルネロス,トルネロス,トルネロス,pokemon
トルネロス,トルネロス,トルネロス,pokemon
ボルトロス,ボルトロス,ボルトロス,pokemon
ボルトロス,ボルトロス,ボルトロス,pokemon
レシラム,レシラム,レシラム,pokemon
ゼクロム,ゼクロム,ゼクロム,pokemon
ランドロス,ランドロス,ランドロス,pokemon
ランドロス,ランドロス,ランドロス,pokemon
キュレム,キュレム,キュレム,pokemon
キュレム,キュレム,キュレム,pokemon
キュレム,キュレム,キュレム,pokemon
ケルディオ,ケルディオ,ケルディオ,pokemon
ケルディオ,ケルディオ,ケルディオ,pokemon
メロエッタ,メロエッタ,メロエッタ,pokemon
メロエッタ,メロエッタ,メロエッタ,pokemon
ゲノセクト,ゲノセクト,ゲノセクト,pokemon
ハリマロン,ハリマロン,ハリマロン,pokemon
ハリボーグ,ハリボーグ,ハリボーグ,pokemon
ブリガロン,ブリガロン,ブリガロン,pokemon
フォッコ,フォッコ,フォッコ,pokemon
テールナー,テールナー,テールナー,pokemon
マフォクシー,マフォクシー,マフォクシー,pokemon
ケロマツ,ケロマツ,ケロマツ,pokemon
ゲコガシラ,ゲコガシラ,ゲコガシラ,pokemon
ゲッコウガ,ゲッコウガ,ゲッコウガ,pokemon
ゲッコウガ,ゲッコウガ,ゲッコウガ,pokemon
ホルビー,ホルビー,ホルビー,pokemon
ホルード,ホルード,ホルード,pokemon
ヤヤコマ,ヤヤコマ,ヤヤコマ,pokemon
ヒノヤコマ,ヒノヤコマ,ヒノヤコマ,pokemon
ファイアロー,ファイアロー,ファイアロー,pokemon
コフキムシ,コフキムシ,コフキムシ,pokemon
コフーライ,コフーライ,コフーライ,pokemon
ビビヨン,ビビヨン,ビビヨン,pokemon
シシコ,シシコ,シシコ,pokemon
カエンジシ,カエンジシ,カエンジシ,pokemon
フラベベ,フラベベ,フラベベ,pokemon
フラエッテ,フラエッテ,フラエッテ,pokemon
フラージェス,フラージェス,フラージェス,pokemon
メェークル,メェークル,メェークル,pokemon
ゴーゴート,ゴーゴート,ゴーゴート,pokemon
ヤンチャム,ヤンチャム,ヤンチャム,pokemon
ゴロンダ,ゴロンダ,ゴロンダ,pokemon
トリミアン,トリミアン,トリミアン,pokemon
ニャスパー,ニャスパー,ニャスパー,pokemon
ニャオニクス,ニャオニクス,ニャオニクス,pokemon
ニャオニクス,ニャオニクス,ニャオニクス,pokemon
ヒトツキ,ヒトツキ,ヒトツキ,pokemon
ニダンギル,ニダンギル,ニダンギル,pokemon
ギルガルド,ギルガルド,ギルガルド,pokemon
ギルガルド,ギルガルド,ギルガルド,pokemon
シュシュプ,シュシュプ,シュシュプ,pokemon
フレフワン,フレフワン,フレフワン,pokemon
ペロッパフ,ペロッパフ,ペロッパフ,pokemon
ペロリーム,ペロリーム,ペロリーム,pokemon
マーイーカ,マーイーカ,マーイーカ,pokemon
カラマネロ,カラマネロ,カラマネロ,pokemon
カメテテ,カメテテ,カメテテ,pokemon
ガメノデス,ガメノデス,ガメノデス,pokemon
クズモー,クズモー,クズモー,pokemon
ドラミドロ,ドラミドロ,ドラミドロ,pokemon
ウデッポウ,ウデッポウ,ウデッポウ,pokemon
ブロスター,ブロスター,ブロスター,pokemon
エリキテル,エリキテル,エリキテル,pokemon
エレザード,エレザード,エレザード,pokemon
チゴラス,チゴラス,チゴラス,pokemon
ガチゴラス,ガチゴラス,ガチゴラス,pokemon
アマルス,アマルス,アマルス,pokemon
アマルルガ,アマルルガ,アマルルガ,pokemon
ニンフィア,ニンフィア,ニンフィア,pokemon
ルチャブル,ルチャブル,ルチャブル,pokemon
デデンネ,デデンネ,デデンネ,pokemon
メレシー,メレシー,メレシー,pokemon
ヌメラ,ヌメラ,ヌメラ,pokemon
ヌメイル,ヌメイル,ヌメイル,pokemon
ヌメイル,ヌメイル,ヌメイル,pokemon
ヌメルゴン,ヌメルゴン,ヌメルゴン,pokemon
ヌメルゴン,ヌメルゴン,ヌメルゴン,pokemon
クレッフィ,クレッフィ,クレッフィ,pokemon
ボクレー,ボクレー,ボクレー,pokemon
オーロット,オーロット,オーロット,pokemon
バケッチャ,バケッチャ,バケッチャ,pokemon
バケッチャ,バケッチャ,バケッチャ,pokemon
バケッチャ,バケッチャ,バケッチャ,pokemon
バケッチャ,バケッチャ,バケッチャ,pokemon
パンプジン,パンプジン,パンプジン,pokemon
パンプジン,パンプジン,パンプジン,pokemon
パンプジン,パンプジン,パンプジン,pokemon
パンプジン,パンプジン,パンプジン,pokemon
カチコール,カチコール,カチコール,pokemon
クレベース,クレベース,クレベース,pokemon
クレベース,クレベース,クレベース,pokemon
オンバット,オンバット,オンバット,pokemon
オンバーン,オンバーン,オンバーン,pokemon
ゼルネアス,ゼルネアス,ゼルネアス,pokemon
イベルタル,イベルタル,イベルタル,pokemon
ジガルデ,ジガルデ,ジガルデ,pokemon
ジガルデ,ジガルデ,ジガルデ,pokemon
ジガルデ,ジガルデ,ジガルデ,pokemon
ディアンシー,ディアンシー,ディアンシー,pokemon
メガディアンシー,メガディアンシー,メガディアンシー,pokemon
フーパ,フーパ,フーパ,pokemon
フーパ,フーパ,フーパ,pokemon
ボルケニオン,ボルケニオン,ボルケニオン,pokemon
モクロー,モクロー,モクロー,pokemon
フクスロー,フクスロー,フクスロー,pokemon
ジュナイパー,ジュナイパー,ジュナイパー,pokemon
ジュナイパー,ジュナイパー,ジュナイパー,pokemon
ニャビー,ニャビー,ニャビー,pokemon
ニャヒート,ニャヒート,ニャヒート,pokemon
ガオガエン,ガオガエン,ガオガエン,pokemon
アシマリ,アシマリ,アシマリ,pokemon
オシャマリ,オシャマリ,オシャマリ,pokemon
アシレーヌ,アシレーヌ,アシレーヌ,pokemon
ツツケラ,ツツケラ,ツツケラ,pokemon
ケララッパ,ケララッパ,ケララッパ,pokemon
ドデカバシ,ドデカバシ,ドデカバシ,pokemon
ヤングース,ヤングース,ヤングース,pokemon
デカグース,デカグース,デカグース,pokemon
アゴジムシ,アゴジムシ,アゴジムシ,pokemon
デンヂムシ,デンヂムシ,デンヂムシ,pokemon
クワガノン,クワガノン,クワガノン,pokemon
マケンカニ,マケンカニ,マケンカニ,pokemon
ケケンカニ,ケケンカニ,ケケンカニ,pokemon
オドリドリ,オドリドリ,オドリドリ,pokemon
オドリドリ,オドリドリ,オドリドリ,pokemon
オドリドリ,オドリドリ,オドリドリ,pokemon
オドリドリ,オドリドリ,オドリドリ,pokemon
アブリー,アブリー,アブリー,pokemon
アブリボン,アブリボン,アブリボン,pokemon
イワンコ,イワンコ,イワンコ,pokemon
ルガルガン,ルガルガン,ルガルガン,pokemon
ルガルガン,ルガルガン,ルガルガン,pokemon
ルガルガン,ルガルガン,ルガルガン,pokemon
ヨワシ,ヨワシ,ヨワシ,pokemon
ヨワシ,ヨワシ,ヨワシ,pokemon
ヒドイデ,ヒドイデ,ヒドイデ,pokemon
ドヒドイデ,ドヒドイデ,ドヒドイデ,pokemon
ドロバンコ,ドロバンコ,ドロバンコ,pokemon
バンバドロ,バンバドロ,バンバドロ,pokemon
シズクモ,シズクモ,シズクモ,pokemon
オニシズクモ,オニシズクモ,オニシズクモ,pokemon
カリキリ,カリキリ,カリキリ,pokemon
ラランテス,ラランテス,ラランテス,pokemon
ネマシュ,ネマシュ,ネマシュ,pokemon
マシェード,マシェード,マシェード,pokemon
ヤトウモリ,ヤトウモリ,ヤトウモリ,pokemon
エンニュート,エンニュート,エンニュート,pokemon
ヌイコグマ,ヌイコグマ,ヌイコグマ,pokemon
キテルグマ,キテルグマ,キテルグマ,pokemon
アマカジ,アマカジ,アマカジ,pokemon
アママイコ,アママイコ,アママイコ,pokemon
アマージョ,アマージョ,アマージョ,pokemon
キュワワー,キュワワー,キュワワー,pokemon
ヤレユータン,ヤレユータン,ヤレユータン,pokemon
ナゲツケサル,ナゲツケサル,ナゲツケサル,pokemon
コソクムシ,コソクムシ,コソクムシ,pokemon
グソクムシャ,グソクムシャ,グソクムシャ,pokemon
スナバァ,スナバァ,スナバァ,pokemon
シロデスナ,シロデスナ,シロデスナ,pokemon
ナマコブシ,ナマコブシ,ナマコブシ,pokemon
タイプ：ヌル,タイプ：ヌル,タイプ：ヌル,pokemon
シルヴァディ,シルヴァディ,シルヴァディ,pokemon
メテノ,メテノ,メテノ,pokemon
メテノ,メテノ,メテノ,pokemon
ネッコアラ,ネッコアラ,ネッコアラ,pokemon
バクガメス,バクガメス,バクガメス,pokemon
トゲデマル,トゲデマル,トゲデマル,pokemon
ミミッキュ,ミミッキュ,ミミッキュ,pokemon
ハギギシリ,ハギギシリ,ハギギシリ,pokemon
ジジーロン,ジジーロン,ジジーロン,pokemon
ダダリン,ダダリン,ダダリン,pokemon
ジャラコ,ジャラコ,ジャラコ,pokemon
ジャランゴ,ジャランゴ,ジャランゴ,pokemon
ジャラランガ,ジャラランガ,ジャラランガ,pokemon
カプ・コケコ,カプ・コケコ,カプ・コケコ,pokemon
カプ・テテフ,カプ・テテフ,カプ・テテフ,pokemon
カプ・ブルル,カプ・ブルル,カプ・ブルル,pokemon
カプ・レヒレ,カプ・レヒレ,カプ・レヒレ,pokemon
コスモッグ,コスモッグ,コスモッグ,pokemon
コスモウム,コスモウム,コスモウム,pokemon
ソルガレオ,ソルガレオ,ソルガレオ,pokemon
ルナアーラ,ルナアーラ,ルナアーラ,pokemon
ウツロイド,ウツロイド,ウツロイド,pokemon
マッシブーン,マッシブーン,マッシブーン,pokemon
フェローチェ,フェローチェ,フェローチェ,pokemon
デンジュモク,デンジュモク,デンジュモク,pokemon
テッカグヤ,テッカグヤ,テッカグヤ,pokemon
カミツルギ,カミツルギ,カミツルギ,pokemon
アクジキング,アクジキング,アクジキング,pokemon
ネクロズマ,ネクロズマ,ネクロズマ,pokemon
ネクロズマ,ネクロズマ,ネクロズマ,pokemon
ネクロズマ,ネクロズマ,ネクロズマ,pokemon
ネクロズマ,ネクロズマ,ネクロズマ,pokemon
マギアナ,マギアナ,マギアナ,pokemon
マーシャドー,マーシャドー,マーシャドー,pokemon
ベベノム,ベベノム,ベベノム,pokemon
アーゴヨン,アーゴヨン,アーゴヨン,pokemon
ツンデツンデ,ツンデツンデ,ツンデツンデ,pokemon
ズガドーン,ズガドーン,ズガドーン,pokemon
ゼラオラ,ゼラオラ,ゼラオラ,pokemon
メルタン,メルタン,メルタン,pokemon
メルメタル,メルメタル,メルメタル,pokemon
サルノリ,サルノリ,サルノリ,pokemon
バチンキー,バチンキー,バチンキー,pokemon
ゴリランダー,ゴリランダー,ゴリランダー,pokemon
ヒバニー,ヒバニー,ヒバニー,pokemon
ラビフット,ラビフット,ラビフット,pokemon
エースバーン,エースバーン,エースバーン,pokemon
メッソン,メッソン,メッソン,pokemon
ジメレオン,ジメレオン,ジメレオン,pokemon
インテレオン,インテレオン,インテレオン,pokemon
ホシガリス,ホシガリス,ホシガリス,pokemon
ヨクバリス,ヨクバリス,ヨクバリス,pokemon
ココガラ,ココガラ,ココガラ,pokemon
アオガラス,アオガラス,アオガラス,pokemon
アーマーガア,アーマーガア,アーマーガア,pokemon
サッチムシ,サッチムシ,サッチムシ,pokemon
レドームシ,レドームシ,レドームシ,pokemon
イオルブ,イオルブ,イオルブ,pokemon
クスネ,クスネ,クスネ,pokemon
フォクスライ,フォクスライ,フォクスライ,pokemon
ヒメンカ,ヒメンカ,ヒメンカ,pokemon
ワタシラガ,ワタシラガ,ワタシラガ,pokemon
ウールー,ウールー,ウールー,pokemon
バイウールー,バイウールー,バイウールー,pokemon
カムカメ,カムカメ,カムカメ,pokemon
カジリガメ,カジリガメ,カジリガメ,pokemon
ワンパチ,ワンパチ,ワンパチ,pokemon
パルスワン,パルスワン,パルスワン,pokemon
タンドン,タンドン,タンドン,pokemon
トロッゴン,トロッゴン,トロッゴン,pokemon
セキタンザン,セキタンザン,セキタンザン,pokemon
カジッチュ,カジッチュ,カジッチュ,pokemon
アップリュー,アップリュー,アップリュー,pokemon
タルップル,タルップル,タルップル,pokemon
スナヘビ,スナヘビ,スナヘビ,pokemon
サダイジャ,サダイジャ,サダイジャ,pokemon
ウッウ,ウッウ,ウッウ,pokemon
サシカマス,サシカマス,サシカマス,pokemon
カマスジョー,カマスジョー,カマスジョー,pokemon
エレズン,エレズン,エレズン,pokemon
ストリンダー,ストリンダー,ストリンダー,pokemon
ストリンダー,ストリンダー,ストリンダー,pokemon
ヤクデ,ヤクデ,ヤクデ,pokemon
マルヤクデ,マルヤクデ,マルヤクデ,pokemon
タタッコ,タタッコ,タタッコ,pokemon
オトスパス,オトスパス,オトスパス,pokemon
ヤバチャ,ヤバチャ,ヤバチャ,pokemon
ヤバチャ,ヤバチャ,ヤバチャ,pokemon
ポットデス,ポットデス,ポットデス,pokemon
ポットデス,ポットデス,ポットデス,pokemon
ミブリム,ミブリム,ミブリム,pokemon
テブリム,テブリム,テブリム,pokemon
ブリムオン,ブリムオン,ブリムオン,pokemon
ベロバー,ベロバー,ベロバー,pokemon
ギモー,ギモー,ギモー,pokemon
オーロンゲ,オーロンゲ,オーロンゲ,pokemon
タチフサグマ,タチフサグマ,タチフサグマ,pokemon
ニャイキング,ニャイキング,ニャイキング,pokemon
サニゴーン,サニゴーン,サニゴーン,pokemon
ネギガナイト,ネギガナイト,ネギガナイト,pokemon
バリコオル,バリコオル,バリコオル,pokemon
デスバーン,デスバーン,デスバーン,pokemon
マホミル,マホミル,マホミル,pokemon
マホイップ,マホイップ,マホイップ,pokemon
タイレーツ,タイレーツ,タイレーツ,pokemon
バチンウニ,バチンウニ,バチンウニ,pokemon
ユキハミ,ユキハミ,ユキハミ,pokemon
モスノウ,モスノウ,モスノウ,pokemon
イシヘンジン,イシヘンジン,イシヘンジン,pokemon
コオリッポ,コオリッポ,コオリッポ,pokemon
コオリッポ,コオリッポ,コオリッポ,pokemon
イエッサン,イエッサン,イエッサン,pokemon
イエッサン,イエッサン,イエッサン,pokemon
モルペコ,モルペコ,モルペコ,pokemon
モルペコ,モルペコ,モルペコ,pokemon
ゾウドウ,ゾウドウ,ゾウドウ,pokemon
ダイオウドウ,ダイオウドウ,ダイオウドウ,pokemon
パッチラゴン,パッチラゴン,パッチラゴン,pokemon
パッチルドン,パッチルドン,パッチルドン,pokemon
ウオノラゴン,ウオノラゴン,ウオノラゴン,pokemon
ウオチルドン,ウオチルドン,ウオチルドン,pokemon
ジュラルドン,ジュラルドン,ジュラルドン,pokemon
ドラメシヤ,ドラメシヤ,ドラメシヤ,pokemon
ドロンチ,ドロンチ,ドロンチ,pokemon
ドラパルト,ドラパルト,ドラパルト,pokemon
ザシアン,ザシアン,ザシアン,pokemon
ザシアン,ザシアン,ザシアン,pokemon
ザマゼンタ,ザマゼンタ,ザマゼンタ,pokemon
ザマゼンタ,ザマゼンタ,ザマゼンタ,pokemon
ムゲンダイナ,ムゲンダイナ,ムゲンダイナ,pokemon
ダクマ,ダクマ,ダクマ,pokemon
ウーラオス,ウーラオス,ウーラオス,pokemon
ウーラオス,ウーラオス,ウーラオス,pokemon
ザルード,ザルード,ザルード,pokemon
レジエレキ,レジエレキ,レジエレキ,pokemon
レジドラゴ,レジドラゴ,レジドラゴ,pokemon
ブリザポス,ブリザポス,ブリザポス,pokemon
レイスポス,レイスポス,レイスポス,pokemon
バドレックス,バドレックス,バドレックス,pokemon
バドレックス,バドレックス,バドレックス,pokemon
バドレックス,バドレックス,バドレックス,pokemon
アヤシシ,アヤシシ,アヤシシ,pokemon
バサギリ,バサギリ,バサギリ,pokemon
ガチグマ,ガチグマ,ガチグマ,pokemon
イダイトウ,イダイトウ,イダイトウ,pokemon
イダイトウ,イダイトウ,イダイトウ,pokemon
オオニューラ,オオニューラ,オオニューラ,pokemon
ハリーマン,ハリーマン,ハリーマン,pokemon
ラブトロス,ラブトロス,ラブトロス,pokemon
ラブトロス,ラブトロス,ラブトロス,pokemon
ニャオハ,ニャオハ,ニャオハ,pokemon
ニャローテ,ニャローテ,ニャローテ,pokemon
マスカーニャ,マスカーニャ,マスカーニャ,pokemon
ホゲータ,ホゲータ,ホゲータ,pokemon
アチゲータ,アチゲータ,アチゲータ,pokemon
ラウドボーン,ラウドボーン,ラウドボーン,pokemon
クワッス,クワッス,クワッス,pokemon
ウェルカモ,ウェルカモ,ウェルカモ,pokemon
ウェーニバル,ウェーニバル,ウェーニバル,pokemon
グルトン,グルトン,グルトン,pokemon
パフュートン,パフュートン,パフュートン,pokemon
パフュートン,パフュートン,パフュートン,pokemon
タマンチュラ,タマンチュラ,タマンチュラ,pokemon
ワナイダー,ワナイダー,ワナイダー,pokemon
マメバッタ,マメバッタ,マメバッタ,pokemon
エクスレッグ,エクスレッグ,エクスレッグ,pokemon
パモ,パモ,パモ,pokemon
パモット,パモット,パモット,pokemon
パーモット,パーモット,パーモット,pokemon
ワッカネズミ,ワッカネズミ,ワッカネズミ,pokemon
イッカネズミ,イッカネズミ,イッカネズミ,pokemon
イッカネズミ,イッカネズミ,イッカネズミ,pokemon
パピモッチ,パピモッチ,パピモッチ,pokemon
バウッツェル,バウッツェル,バウッツェル,pokemon
ミニーブ,ミニーブ,ミニーブ,pokemon
オリーニョ,オリーニョ,オリーニョ,pokemon
オリーヴァ,オリーヴァ,オリーヴァ,pokemon
イキリンコ,イキリンコ,イキリンコ,pokemon
イキリンコ,イキリンコ,イキリンコ,pokemon
イキリンコ,イキリンコ,イキリンコ,pokemon
イキリンコ,イキリンコ,イキリンコ,pokemon
コジオ,コジオ,コジオ,pokemon
ジオヅム,ジオヅム,ジオヅム,pokemon
キョジオーン,キョジオーン,キョジオーン,pokemon
カルボウ,カルボウ,カルボウ,pokemon
グレンアルマ,グレンアルマ,グレンアルマ,pokemon
ソウブレイズ,ソウブレイズ,ソウブレイズ,pokemon
ズピカ,ズピカ,ズピカ,pokemon
ハラバリー,ハラバリー,ハラバリー,pokemon
カイデン,カイデン,カイデン,pokemon
タイカイデン,タイカイデン,タイカイデン,pokemon
オラチフ,オラチフ,オラチフ,pokemon
マフィティフ,マフィティフ,マフィティフ,pokemon
シルシュルー,シルシュルー,シルシュルー,pokemon
タギングル,タギングル,タギングル,pokemon
アノクサ,アノクサ,アノクサ,pokemon
アノホラグサ,アノホラグサ,アノホラグサ,pokemon
ノノクラゲ,ノノクラゲ,ノノクラゲ,pokemon
リククラゲ,リククラゲ,リククラゲ,pokemon
ガケガニ,ガケガニ,ガケガニ,pokemon
カプサイジ,カプサイジ,カプサイジ,pokemon
スコヴィラン,スコヴィラン,スコヴィラン,pokemon
シガロコ,シガロコ,シガロコ,pokemon
ベラカス,ベラカス,ベラカス,pokemon
ヒラヒナ,ヒラヒナ,ヒラヒナ,pokemon
クエスパトラ,クエスパトラ,クエスパトラ,pokemon
カヌチャン,カヌチャン,カヌチャン,pokemon
ナカヌチャン,ナカヌチャン,ナカヌチャン,pokemon
デカヌチャン,デカヌチャン,デカヌチャン,pokemon
ウミディグダ,ウミディグダ,ウミディグダ,pokemon
ウミトリオ,ウミトリオ,ウミトリオ,pokemon
オトシドリ,オトシドリ,オトシドリ,pokemon
ナミイルカ,ナミイルカ,ナミイルカ,pokemon
イルカマン,イルカマン,イルカマン,pokemon
イルカマン,イルカマン,イルカマン,pokemon
ブロロン,ブロロン,ブロロン,pokemon
ブロロローム,ブロロローム,ブロロローム,pokemon
モトトカゲ,モトトカゲ,モトトカゲ,pokemon
ミミズズ,ミミズズ,ミミズズ,pokemon
キラーメ,キラーメ,キラーメ,pokemon
キラフロル,キラフロル,キラフロル,pokemon
ボチ,ボチ,ボチ,pokemon
ハカドッグ,ハカドッグ,ハカドッグ,pokemon
カラミンゴ,カラミンゴ,カラミンゴ,pokemon
アルクジラ,アルクジラ,アルクジラ,pokemon
ハルクジラ,ハルクジラ,ハルクジラ,pokemon
ミガルーサ,ミガルーサ,ミガルーサ,pokemon
ヘイラッシャ,ヘイラッシャ,ヘイラッシャ,pokemon
シャリタツ,シャリタツ,シャリタツ,pokemon
シャリタツ,シャリタツ,シャリタツ,pokemon
シャリタツ,シャリタツ,シャリタツ,pokemon
コノヨザル,コノヨザル,コノヨザル,pokemon
ドオー,ドオー,ドオー,pokemon
リキキリン,リキキリン,リキキリン,pokemon
ノココッチ,ノココッチ,ノココッチ,pokemon
ノココッチ,ノココッチ,ノココッチ,pokemon
ドドゲザン,ドドゲザン,ドドゲザン,pokemon
イダイナキバ,イダイナキバ,イダイナキバ,pokemon
サケブシッポ,サケブシッポ,サケブシッポ,pokemon
アラブルタケ,アラブルタケ,アラブルタケ,pokemon
ハバタクカミ,ハバタクカミ,ハバタクカミ,pokemon
チヲハウハネ,チヲハウハネ,チヲハウハネ,pokemon
スナノケガワ,スナノケガワ,スナノケガワ,pokemon
テツノワダチ,テツノワダチ,テツノワダチ,pokemon
テツノツツミ,テツノツツミ,テツノツツミ,pokemon
テツノカイナ,テツノカイナ,テツノカイナ,pokemon
テツノコウベ,テツノコウベ,テツノコウベ,pokemon
テツノドクガ,テツノドクガ,テツノドクガ,pokemon
テツノイバラ,テツノイバラ,テツノイバラ,pokemon
セビエ,セビエ,セビエ,pokemon
セゴール,セゴール,セゴール,pokemon
セグレイブ,セグレイブ,セグレイブ,pokemon
コレクレー,コレクレー,コレクレー,pokemon
コレクレー,コレクレー,コレクレー,pokemon
サーフゴー,サーフゴー,サーフゴー,pokemon
チオンジェン,チオンジェン,チオンジェン,pokemon
パオジアン,パオジアン,パオジアン,pokemon
ディンルー,ディンルー,ディンルー,pokemon
イーユイ,イーユイ,イーユイ,pokemon
トドロクツキ,トドロクツキ,トドロクツキ,pokemon
テツノブジン,テツノブジン,テツノブジン,pokemon
コライドン,コライドン,コライドン,pokemon
ミライドン,ミライドン,ミライドン,pokemon
ウネルミナモ,ウネルミナモ,ウネルミナモ,pokemon
テツノイサハ,テツノイサハ,テツノイサハ,pokemon
